filename,size_mb,id_name,status,odoo_main,fm_main,safe_to_delete
"BLAIJE-48887_Oui, 2022.psd",507.8,BLAIJE-48887,in stock,BLAIJE-48887.jpg,BLAIJE-48887.jpg,OUI
"BLAIJE-48899_Ensemble (Noir), 2023.psd",500.2,BLAIJE-48899,in stock,BLAIJE-48899.jpg,BLAIJE-48899.jpg,OUI
"BLAIJE-48910_Ici !La!, 2023.psd",502.7,BLAIJE-48910,in stock,BLAIJE-48910.jpg,BLAIJE-48910.jpg,OUI
"BLAIJE-48911_Woodcut, 2023.psd",506.7,BLAIJE-48911,in stock,BLAIJE-48911.jpg,BLAIJE-48911.jpg,OUI
"BLAIJE-48914_Summer, 2023.psd",519.4,BLAIJE-48914,in stock,BLAIJE-48914.jpg,BLAIJE-48914.jpg,OUI
[BOTEFE-53591]_Untitled_2007_FRAMED.tif,989.9,BOTEFE-53591,in stock,BOTEFE-53591.png,BOTEFE-53591.png,OUI
[BOTEFE-53591]_Untitled_2007_VERSO.tif,711.7,BOTEFE-53591,in stock,BOTEFE-53591.png,BOTEFE-53591.png,OUI
[BOTEFE-53591]_Untitled_2007_RECTO_2.tif,553.9,BOTEFE-53591,in stock,BOTEFE-53591.png,BOTEFE-53591.png,OUI
[BOTEFE-53591]_Untitled_2007_VERSO_FRAMED.tif,736.8,BOTEFE-53591,in stock,BOTEFE-53591.png,BOTEFE-53591.png,OUI
"BRASAN-49155_Bouquet au miroir, 1985, FRAMED.tif",522.9,BRASAN-49155,in stock,BRASAN-49155.jpg,BRASAN-49155.jpg,OUI
"CALDAL-49187_Caged Stone on Yellow Stalk, circa 1955, 1.tif",633.5,CALDAL-49187,in stock,CALDAL-49187_MAIN.jpg,CALDAL-49187.jpg,OUI
"CALDAL-49187_Caged Stone on Yellow Stalk, circa 1955, 2.tif",789.8,CALDAL-49187,in stock,CALDAL-49187_MAIN.jpg,CALDAL-49187.jpg,OUI
"DERARE-42446_Spring Snow Hunt, 2019.tif",745.5,DERARE-42446,in stock,DERARE-42446.jpg,DERARE-42446.jpg,OUI
[DUBUJE-54215]_Portrait_de_femme_à_la_campagne_1974_RECTO.tif,556.4,DUBUJE-54215,in stock,DUBUJE-54215.jpg,DUBUJE-54215.jpg,OUI
"MATHGE-45711_Li Duan, 1967 front.tif",577.8,MATHGE-45711,in stock,MATHGE-45711.png,MATHGE-45711.png,OUI
[TAPIAN-54222]_Maquette_pour_l_affiche_de_la_rétrospective_du_Jeu_de_Paume_1994_RECTO_2.tif,806.2,TAPIAN-54222,in stock,TAPIAN-54222.jpg,TAPIAN-54222.jpg,OUI
"VALDMA-46133_Cabeza Blanca con Aretes Azules, 2021 2.tif",519.3,VALDMA-46133,in stock,VALDMA-46133.jpg,VALDMA-46133.jpg,OUI
"VALDMA-46133_Cabeza Blanca con Aretes Azules, 2021.tif",519.3,VALDMA-46133,in stock,VALDMA-46133.jpg,VALDMA-46133.jpg,OUI
"VALDMA-46133_Cabeza Blanca con Aretes Azules, 2021, SIDE.tif",519.3,VALDMA-46133,in stock,VALDMA-46133.jpg,VALDMA-46133.jpg,OUI
"VALDMA-46140_Infanta Margarita Coonstructivismo I, 2021.tif",519.3,VALDMA-46140,in stock,VALDMA-46140.jpg,VALDMA-46140.jpg,OUI
"VALDMA-46141_Reina Mariana Constructivismo I, 2021.tif",519.3,VALDMA-46141,in stock,"VALDMA-46141_Reina Mariana Constructivismo I, 2021.tif",VALDMA-46141.jpg,OUI
"VALDMA-46143_Infanta Margarita Constructivismo II, 2021.tif",519.3,VALDMA-46143,in stock,VALDMA-46143.jpg,VALDMA-46143.jpg,OUI
"VALDMA-46240_Constructivismo como Pretexto Azul y Rojo, 2021.tif",519.3,VALDMA-46240,in stock,VALDMA-46240.jpg,VALDMA-46240.jpg,OUI
"*GRACEFUL RED HUNT. OIl & tar on canvas. diptych, 200x280 cm overall. 2018-2019.tif",746.5,,?,—,—,NON
WILEY_Portrait of Lay Pouleyy_2020_403135.tif,687.0,,?,—,—,NON
"Cartoon Folding Screen, 2018 (Polyptych).mp4",1067.9,,?,—,—,NON
Huile sur toile_Ton Orangé_1991_54 x 65 cm_recto détail signature.tif,605.6,,?,—,—,NON
Huile sur toile_Ton Orangé_1991_54 x 65 cm_verso.tif,605.6,,?,—,—,NON
Huile sur toile_Ton Orangé_1991_54 x 65 cm_verso détail signature.tif,605.6,,?,—,—,NON
Huile sur toile_Ton Orangé_1991_54 x 65 cm_recto.tif,605.6,,?,—,—,NON
"SPRING SNOW HUNT. oil on canvas. diptych, 200x280 cm overall. 2019.tif",745.5,,?,—,—,NON
March 2020 (Extended).mp4,683.5,,?,—,—,NON
"ATLAJE-50154_Danse Chaldéenne, 1958, RECTO.tif",755.7,ATLAJE-50154,delivered,ATLAJE-50154.png,ATLAJE-50154.png,NON
"BOCHME-39773 Ha Ha, 2018 hr.tif",917.8,BOCHME-39773,delivered,BOCHME-39773.jpg,BOCHME-39773.jpg,NON
"BOCHME-47897_BOZO YOYO DODO, 2022.tif",1038.5,BOCHME-47897,delivered,BOCHME-47897.jpg,BOCHME-47897.jpg,NON
"BOCHME-48571_HA HA, 2022.tif",1261.2,BOCHME-48571,delivered,BOCHME-48571.jpg,BOCHME-48571.jpg,NON
"BOCHME-49134_Head Honcho, 2023.tif",525.5,BOCHME-49134,delivered,BOCHME-49134.png,BOCHME-49134.png,NON
"BOCHME-49585_Ha Ha, 2023.tif",656.7,BOCHME-49585,delivered,BOCHME-49585.png,BOCHME-49585.png,NON
"BOTEFE-42058_Venus, 1977-78 recto.tif",524.6,BOTEFE-42058,delivered,BOTEFE-42058.png,BOTEFE-42058.png,NON
"BOTEFE-49713_Clown In White, 2008, FRAMED.tif",642.2,BOTEFE-49713,delivered,BOTEFE-49713.jpg,BOTEFE-49713.jpg,NON
"BRASAN-29900_Chantal sous les pins, 2015 bis.tif",1060.3,BRASAN-29900,delivered,BRASAN-29900.jpg,BRASAN-29900.jpg,NON
"BRASAN-48045_Grands cavaliers du soir, 2014.mov",525.1,BRASAN-48045,on hold,BRASAN-48045.jpg,BRASAN-48045.jpg,NON
"CALDAL-49931_Untitled, 1965, 2.tif",624.7,CALDAL-49931,delivered,CALDAL-49931.png,CALDAL-49931.png,NON
"CALDAL-49931_Untitled, 1965, 3.tif",659.3,CALDAL-49931,delivered,CALDAL-49931.png,CALDAL-49931.png,NON
"CALDAL-49931_Untitled, 1965, 1.tif",645.5,CALDAL-49931,delivered,CALDAL-49931.png,CALDAL-49931.png,NON
"CANORA-52622_Cuerpo, 2022 ©Faustino Fernandez- Estudio Rafael Canogar.tif",863.5,CANORA-52622,delivered,CANORA-52622.png,CANORA-52622.png,NON
"CHAGMA-37493 Soleil au cheval rouge, 1977 88,9 x 116,2 CM pour affichage.tif",1372.5,CHAGMA-37493,delivered,CHAGMA-37493.jpg,CHAGMA-37493.jpg,NON
"CHAGMA-47016_Le peintre, 1976, RECTO.tif",591.5,CHAGMA-47016,delivered,CHAGMA-47016.png,CHAGMA-47016.png,NON
"CHOSU-51625_Garden (With Red Blossom), 2019, RECTO.tif",654.8,CHOSU-51625,on hold,CHOSU-51625.png,CHOSU-51625.png,NON
"CHOSU-51625_Garden (With Red Blossom), 2019, VERSO.tif",505.8,CHOSU-51625,on hold,CHOSU-51625.png,CHOSU-51625.png,NON
"DERARE-42437_Graceful red hunt, 2018-2019, RECTO.tif",746.5,DERARE-42437,delivered,DERARE-42437.jpg,DERARE-42437.jpg,NON
"DUBUJE-41012_Milord, 1971.tif",850.2,DUBUJE-41012,?,—,—,NON
"DUBUJE-51865_Parade nuptiale, 1971, RECTO 2.tif",873.7,DUBUJE-51865,sold,DUBUJE-51865.jpeg,DUBUJE-51865.jpeg,NON
"GENOJU-50538_Incisión, 2019, 250x180cm.tif",526.6,GENOJU-50538,sold,GENOJU-50538.jpeg,GENOJU-50538.jpeg,NON
"LO GMA-51624_Eden Antarctic, 2022, VERSO.tif",543.6,GMA-51624,?,—,—,NON
"LO GMA-51624_Eden Antarctic, 2022, RECTO.tif",514.3,GMA-51624,?,—,—,NON
"KATZAL-47015_Man with Brown Hat, 1979, VERSO.tif",723.9,KATZAL-47015,delivered,KATZAL-47015.png,KATZAL-47015.png,NON
"KATZAL-47015_Man with Brown Hat, 1979, RECTO.tif",773.9,KATZAL-47015,delivered,KATZAL-47015.png,KATZAL-47015.png,NON
"KATZAL-47836_Laura 11, 2017, RECTO.tif",535.7,KATZAL-47836,delivered,KATZAL-47836.jpg,KATZAL-47836.jpg,NON
[KATZAL-53155]_Vivien_ 2025_VERSO.tif,532.5,KATZAL-53155,sold,KATZAL-53155.jpg,KATZAL-53155.jpg,NON
[KATZAL-53155]_Vivien_2025_DETAIL.tif,582.3,KATZAL-53155,sold,KATZAL-53155.jpg,KATZAL-53155.jpg,NON
"KAWS-46414_Seeing Black (BFF Lamp), 2020.mov",902.2,KAWS-46414,delivered,KAWS-46414.jpg,KAWS-46414.jpg,NON
"KUSAYA-52172_INFINITY-NETS (OWATTS), 2007, RECTO 1.tif",1224.3,KUSAYA-52172,delivered,KUSAYA-52172.png,KUSAYA-52172.png,NON
"KUSAYA-52172_ INFINITY-NETS (OWATTS), 2007.tif",1224.3,KUSAYA-52172,delivered,KUSAYA-52172.png,KUSAYA-52172.png,NON
"PLENJA-52700_Silent Music V, 2000, RECTO © Cristina de Blas and Jimena R. Herrera.tif",1457.2,PLENJA-52700,delivered,PLENJA-52700.jpg,PLENJA-52700.jpg,NON
"POLISE-49243_Composition abstraite, 1959, VERSO.tif",629.6,POLISE-49243,delivered,POLISE-49243.jpg,POLISE-49243.jpg,NON
"SAURAN-47260_Santa Teresa, 1958.tif",1291.9,SAURAN-47260,delivered,SAURAN-47260.png,SAURAN-47260.png,NON
"TIANLI-51568_Montrer les planches, 2017, RECTO.tif",853.9,TIANLI-51568,on hold,TIANLI-51568.png,TIANLI-51568.png,NON
"TOLUAW-49419_Black Cowboy, 2022.tif",555.3,TOLUAW-49419,on hold,TOLUAW-49419.png,TOLUAW-49419.png,NON
"TOLUAW-49421_Life and Death, 2022.tif",667.4,TOLUAW-49421,on hold,TOLUAW-49421.png,TOLUAW-49421.png,NON
"TOLUAW-49422_Nature of man, 2022.tif",567.3,TOLUAW-49422,on hold,TOLUAW-49422.png,TOLUAW-49422.png,NON
"TOLUAW-49423_Miss Erin. and Durango, 2023.tif",560.1,TOLUAW-49423,on hold,TOLUAW-49423.png,TOLUAW-49423.png,NON
"TOLUAW-49424_Spirit of Ecstasy, 2023.tif",792.6,TOLUAW-49424,on hold,TOLUAW-49424.png,TOLUAW-49424.png,NON
"TOLUAW-49425_Solitude, 2023.tif",761.4,TOLUAW-49425,on hold,TOLUAW-49425.png,TOLUAW-49425.png,NON
"VALDMA-46131_Odalisca Roja y Amarilla, 2021.tif",519.3,VALDMA-46131,delivered,VALDMA-46131.jpg,VALDMA-46131.jpg,NON
"VALDMA-46412_Cabeza con Mariposas, 87x183x58cm.tif",519.3,VALDMA-46412,delivered,VALDMA-46412.png,VALDMA-46412.png,NON
WILEKE-44863_Portrait of Lya Pouleyy.tif,687.0,WILEKE-44863,delivered,WILEKE-44863.jpg,WILEKE-44863.jpg,NON
